{
 "X": [
  0.0,
  22.22222222222222,
  44.44444444444444,
  66.66666666666666,
  88.88888888888889,
  111.11111111111111,
  133.33333333333331,
  155.55555555555554,
  177.77777777777777,
  200.0
 ],
 "T": [
  0.0,
  6.122448979591836,
  12.244897959183673,
  18.36734693877551,
  24.489795918367346,
  30.612244897959183,
  36.73469387755102,
  42.857142857142854,
  48.97959183673469,
  55.10204081632653,
  61.224489795918366,
  67.3469387755102,
  73.46938775510203,
  79.59183673469387,
  85.71428571428571,
  91.83673469387755,
  97.95918367346938,
  104.08163265306122,
  110.20408163265306,
  116.3265306122449,
  122.44897959183673,
  128.57142857142856,
  134.6938775510204,
  140.81632653061223,
  146.93877551020407,
  153.0612244897959,
  159.18367346938774,
  165.30612244897958,
  171.42857142857142,
  177.55102040816325,
  183.6734693877551,
  189.79591836734693,
  195.91836734693877,
  202.0408163265306,
  208.16326530612244,
  214.28571428571428,
  220.40816326530611,
  226.53061224489795,
  232.6530612244898,
  238.77551020408163,
  244.89795918367346,
  251.0204081632653,
  257.1428571428571,
  263.265306122449,
  269.3877551020408,
  275.51020408163265,
  281.63265306122446,
  287.7551020408163,
  293.87755102040813,
  300.0
 ],
 "Z": [
  [
   -2.3827411578861586e-17,
   0.2309152517369027,
   0.43701824261719274,
   0.6721863109354308,
   0.8850458066804767,
   1.113466437423038,
   1.332309495632758,
   1.555396455447325,
   1.7788953995896075,
   1.9959716176088436
  ],
  [
   -1.1273001977993567e-15,
   16.6995738234527,
   15.473149960504164,
   18.421651808430045,
   17.329923706475665,
   18.727692882322412,
   18.503089055781526,
   18.944416140795333,
   19.46031280098917,
   18.895686971122494
  ],
  [
   -2.8168193467411454e-15,
   25.200619758635682,
   42.656670520096874,
   49.56359756848059,
   53.228445249556444,
   55.857327709233644,
   57.644274777139685,
   59.291119270575614,
   60.77612299103775,
   62.168091755743355
  ],
  [
   -2.3192658847676026e-15,
   1.6689925432321557,
   34.16671303685495,
   55.373214109490696,
   70.02141114114593,
   78.74001672194112,
   86.28022728198138,
   92.21077998654782,
   97.73006942633592,
   103.69993930661039
  ],
  [
   8.628778309893993e-16,
   -18.755858506651073,
   -17.373466037812253,
   10.40133804587749,
   34.96711728675555,
   54.614418766846796,
   70.30638638422357,
   84.06365699821542,
   96.8463724886691,
   109.29219444756312
  ],
  [
   4.501188955684428e-15,
   -27.469397698318136,
   -56.363026142512375,
   -66.01864766448082,
   -46.157497436243965,
   -25.318938912710568,
   -3.294821150662218,
   16.40882578440779,
   35.04566029534612,
   54.73299851931793
  ],
  [
   6.008292489717753e-15,
   -28.228613429673914,
   -61.26798645220584,
   -107.16203950425317,
   -127.78410205481583,
   -125.7660892700621,
   -113.65166797536317,
   -98.76949212068142,
   -83.04501315859416,
   -67.1511442403954
  ],
  [
   4.270741705224643e-15,
   -15.879175699368412,
   -47.05288704806221,
   -88.14567614061902,
   -145.92103960868445,
   -185.16708367913446,
   -205.55473605401994,
   -214.90537166266634,
   -220.15043495743785,
   -224.23454789672812
  ],
  [
   -2.1634625366308583e-16,
   2.211201189687641,
   -14.151564143746834,
   -41.267075398802774,
   -87.00597157541738,
   -155.8154106630681,
   -216.89481955297614,
   -267.0360306675165,
   -310.02686808336006,
   -350.5250403295612
  ],
  [
   -5.454804978170449e-15,
   19.21431403306158,
   26.30839563104567,
   17.35732347585427,
   -2.595040851610276,
   -48.239365365183815,
   -124.05970761083574,
   -204.65014634675333,
   -283.2505059491194,
   -361.71175266907477
  ],
  [
   -8.203632163471393e-15,
   29.18692826391199,
   54.14520513954003,
   73.80533936002608,
   73.42977819716009,
   70.06355481407664,
   34.46077596115666,
   -30.858274172842396,
   -109.11535943165977,
   -190.18205388011532
  ],
  [
   -5.9548131134385e-15,
   26.513951659288693,
   61.047412160501274,
   99.10499299244029,
   130.0933454503023,
   153.61201700519217,
   181.05555412816847,
   186.20238802490826,
   170.56649404570734,
   146.31596318245943
  ],
  [
   2.733871557867377e-16,
   14.015337348484834,
   44.23751461866697,
   86.79339721099394,
   141.2554068680119,
   198.02381359920273,
   264.6221129492769,
   352.00198278279925,
   437.5832663800001,
   518.3568694706457
  ],
  [
   6.010865943403265e-15,
   -3.7327064190217607,
   11.95089815089068,
   47.78283864014659,
   104.18950481366379,
   186.153928641815,
   279.62596943405924,
   401.1842905165195,
   554.073173011336,
   718.1259315841826
  ],
  [
   7.265794285384777e-15,
   -18.95570227998241,
   -19.997820574288728,
   -2.311609939395627,
   43.27750797705375,
   112.1754631159378,
   211.2966728020876,
   316.22230533868367,
   442.9716479418308,
   585.0646661686734
  ],
  [
   4.083202520373987e-15,
   -24.754632550272415,
   -39.86348901378188,
   -43.120827577115925,
   -26.150310840364398,
   4.0134082647291915,
   49.022926255945116,
   99.4599580960513,
   128.80149216574807,
   153.69315917650124
  ],
  [
   -2.8572071305609685e-16,
   -20.730915866811834,
   -42.74506593437047,
   -67.06824489511084,
   -91.81918522521296,
   -119.66467204024269,
   -160.97688760226734,
   -210.04393399156243,
   -276.1651325382378,
   -364.2960898512861
  ],
  [
   -2.9714592900655962e-15,
   -9.478685223470652,
   -34.529625350436014,
   -79.04545807021988,
   -144.6399983938794,
   -236.54956789583318,
   -349.1392229328678,
   -486.15629951073686,
   -614.6890635127141,
   -736.9679253824152
  ],
  [
   -3.3654263188456746e-15,
   2.0449344770097895,
   -24.96281885183684,
   -82.6633524666888,
   -175.7227531423353,
   -297.8294786543642,
   -440.9619511003295,
   -586.551912186424,
   -729.9839933169287,
   -849.0507859940603
  ],
  [
   -2.26404931867633e-15,
   8.897383440845754,
   -16.618605792892986,
   -72.26271596222925,
   -157.54568049536542,
   -256.74456799842034,
   -361.4642143465295,
   -457.42974438292396,
   -555.4326156884566,
   -673.6954667974707
  ],
  [
   -7.660682194631416e-16,
   11.935852410291915,
   -2.356462902020044,
   -29.803062961181084,
   -64.1710621768028,
   -93.18675214005184,
   -112.82310154933403,
   -136.67693383351178,
   -167.13427738641394,
   -214.6186961022178
  ],
  [
   -1.6971215757589286e-17,
   13.90426048779357,
   27.555764655683113,
   53.24760631311345,
   93.09696959209143,
   149.51906746396543,
   206.7271580625024,
   258.61427583490615,
   303.64017693922665,
   374.8370348323638
  ],
  [
   -5.063954804136487e-16,
   17.303704925145457,
   67.26510201413173,
   147.64697112089775,
   249.88303948507294,
   360.3614754912939,
   468.8622694471193,
   580.6975776182451,
   709.0086764161614,
   834.5448029246422
  ],
  [
   -1.050002029609181e-15,
   17.124886070095503,
   88.33612363691977,
   191.90847743167228,
   312.05960624440223,
   435.35234654746824,
   568.7214589507713,
   718.5837280850245,
   873.8942616598861,
   1015.0161717695769
  ],
  [
   3.1320250665369127e-16,
   5.096615886763556,
   60.31065745474124,
   136.68550025822992,
   229.43432206287895,
   336.06280987716724,
   462.0016578000939,
   595.3627667064494,
   714.2845156311429,
   851.0709035509125
  ],
  [
   3.552360440569162e-15,
   -17.45156731980032,
   -14.098274978348906,
   -1.5528617709332022,
   39.14736226813257,
   95.49077701628451,
   166.03691798167537,
   220.55329023159163,
   286.6852139602253,
   350.220927597059
  ],
  [
   5.7057440997413005e-15,
   -35.67812191589497,
   -87.19723980366213,
   -140.91222910657999,
   -169.0233575208637,
   -201.8726376278094,
   -230.15471759398642,
   -264.0234593433465,
   -280.5410298228611,
   -317.09014206589444
  ],
  [
   3.845406530794273e-15,
   -30.404534703039385,
   -106.44560276099521,
   -203.64571487143616,
   -309.4755521561755,
   -441.5137290087844,
   -560.2693840203633,
   -677.6807871991925,
   -793.9507396569343,
